id,recipe_id,step_number,instruction
1,1,1,"Char ginger and onions over an open flame until blackened. Add to a large pot with beef bones and cover with water."
2,1,2,"Add star anise, cinnamon, and fish sauce. Bring to a boil, then reduce heat and simmer for 3 hours, skimming foam occasionally."
3,1,3,"Soak rice noodles in warm water for 30 minutes, then drain."
4,1,4,"Strain the broth and return to pot. Season with additional fish sauce to taste."
5,1,5,"Thinly slice raw beef sirloin. Cook noodles in boiling water for 2-3 minutes, then divide into bowls."
6,1,6,"Top noodles with raw beef slices, pour hot broth over (this will cook the beef). Garnish with fresh basil, bean sprouts, lime, and chilies."
7,2,1,"Mix yogurt sauce with paprika, cumin, garlic, and lemon juice. Marinate chicken thighs for at least 2 hours or overnight."
8,2,2,"Thread marinated chicken onto skewers. Grill over medium-high heat for 6-8 minutes per side until cooked through and charred."
9,2,3,"Warm pita bread on the grill for 1 minute per side."
10,2,4,"Remove chicken from skewers and slice. Fill pita bread with chicken, lettuce, tomatoes, onions, and additional yogurt sauce."
11,3,1,"Heat oil in a large pot over medium heat. Sauté diced onions, bell peppers, and celery until softened, about 8 minutes."
12,3,2,"Add Cajun seasoning, garlic, and okra. Cook for 5 minutes, stirring frequently."
13,3,3,"Pour in chicken broth and diced tomatoes. Bring to a boil, then reduce heat and simmer for 30 minutes."
14,3,4,"Add shrimp and cook for 5-7 minutes until pink and cooked through."
15,3,5,"Serve over cooked white rice with hot sauce on the side."
16,4,1,"Mix ground beef with finely chopped onions, garlic, ginger, and spices. Form into small meatballs."
17,4,2,"Heat oil in a pan and brown meatballs on all sides, about 8 minutes total. Remove and set aside."
18,4,3,"In the same pan, sauté onions until golden. Add garam masala, turmeric, and tomato sauce. Cook for 5 minutes."
19,4,4,"Stir in yogurt and return meatballs to the pan. Simmer for 20 minutes until sauce thickens."
20,4,5,"Garnish with fresh coriander and serve with rice or naan."
21,5,1,"Cook udon noodles according to package directions. Drain and set aside."
22,5,2,"Slice chicken breast into thin strips. Heat oil in a wok or large pan over high heat."
23,5,3,"Stir-fry chicken for 4-5 minutes until cooked through. Remove and set aside."
24,5,4,"Add broccoli florets to the pan with a splash of water. Stir-fry for 3-4 minutes until tender-crisp."
25,5,5,"Return chicken and noodles to the pan. Pour teriyaki sauce over and toss to combine. Cook for 2 minutes."
26,5,6,"Garnish with sesame seeds and sliced green onions. Serve immediately."
27,6,1,"Cut lamb into cubes and marinate in olive oil, lemon juice, garlic, oregano, salt, and pepper for 2 hours."
28,6,2,"Thread lamb onto skewers and grill over medium-high heat for 10-12 minutes, turning occasionally."
29,6,3,"Meanwhile, cook rice according to package directions."
30,6,4,"Prepare tzatziki sauce by mixing yogurt, grated cucumber, garlic, and dill."
31,6,5,"Assemble bowls with rice, grilled lamb, cucumber slices, tomatoes, red onion, and feta cheese."
32,6,6,"Drizzle with tzatziki sauce and serve with lemon wedges."
33,7,1,"Cook ramen noodles according to package directions. Drain and divide into bowls."
34,7,2,"In a large pot, heat beef broth with ginger, garlic, and soy sauce. Bring to a simmer."
35,7,3,"Slice beef sirloin very thin and sear quickly in a hot pan, about 1 minute per side for medium-rare."
36,7,4,"Prepare soft-boiled eggs: boil for 6-7 minutes, then transfer to ice water. Peel and halve."
37,7,5,"Ladle hot broth over noodles. Top with sliced beef, soft-boiled eggs, green onions, and nori."
38,7,6,"Add mirin and additional soy sauce to taste. Serve immediately."
39,8,1,"Heat oil in a pan over medium-high heat. Season chicken thighs with salt and pepper, then cook for 6 minutes per side until browned and cooked through."
40,8,2,"Remove chicken and shred with two forks. Return to the pan."
41,8,3,"Add diced tomatoes, chipotle peppers in adobo sauce, and onions. Simmer for 15 minutes until sauce thickens."
42,8,4,"Warm corn tortillas in a dry skillet or over an open flame."
43,8,5,"Fill tortillas with chicken tinga. Top with diced onions, cilantro, lime juice, and crumbled queso fresco."
44,9,1,"Cook udon noodles according to package directions. Drain and set aside."
45,9,2,"Heat oil in a wok over high heat. Add shrimp and stir-fry for 2-3 minutes until pink."
46,9,3,"Add shredded cabbage and cook for 2 minutes until slightly wilted."
47,9,4,"Toss in cooked noodles, soy sauce, and mirin. Stir-fry for 2-3 minutes, tossing constantly."
48,9,5,"Season with white pepper and garnish with pickled ginger and bonito flakes. Serve hot."
49,10,1,"Slice beef sirloin into thin strips. Heat oil in a wok over high heat."
50,10,2,"Stir-fry beef for 2-3 minutes until browned. Remove and set aside."
51,10,3,"Add Panang curry paste to the wok and cook for 1 minute until fragrant."
52,10,4,"Pour in coconut milk and bring to a simmer. Add sliced bell peppers and cook for 5 minutes."
53,10,5,"Return beef to the pan and simmer for 10 minutes. Stir in palm sugar and fish sauce."
54,10,6,"Garnish with fresh basil leaves and serve with jasmine rice."
55,11,1,"Marinate chicken thighs in yogurt, garam masala, and kasuri methi for 30 minutes."
56,11,2,"Heat butter and oil in a large pan. Add chicken and cook until browned, about 8 minutes. Remove and set aside."
57,11,3,"In the same pan, sauté onions, ginger, and garlic until golden. Add tomato puree and cook for 10 minutes."
58,11,4,"Blend the sauce until smooth, then return to the pan. Add heavy cream and butter."
59,11,5,"Return chicken to the pan and simmer for 20 minutes until fully cooked and sauce is thick."
60,11,6,"Garnish with cream swirl and fresh fenugreek leaves. Serve with naan or rice."
61,12,1,"Mix ground lamb with minced onion, garlic, parsley, cumin, coriander, and salt. Form into long sausage shapes around skewers."
62,12,2,"Refrigerate kofta for 30 minutes to firm up."
63,12,3,"Grill over medium-high heat for 10-12 minutes, turning occasionally, until cooked through and charred."
64,12,4,"Warm pita bread on the grill. Prepare tahini sauce by mixing tahini, lemon juice, garlic, and water."
65,12,5,"Assemble wraps with grilled kofta, lettuce, tomatoes, pickled vegetables, and tahini sauce."
66,13,1,"Heat oil in a wok or large pan. Add green curry paste and cook for 1 minute until fragrant."
67,13,2,"Slice beef sirloin into thin strips and add to the pan. Stir-fry for 3-4 minutes."
68,13,3,"Pour in coconut milk and bring to a simmer. Add bamboo shoots, bell peppers, and Thai basil."
69,13,4,"Cook for 15 minutes, stirring occasionally. Season with fish sauce and palm sugar."
70,13,5,"Serve over jasmine rice, garnished with extra Thai basil and sliced red chilies."
71,14,1,"Marinate chicken thighs in olive oil, lemon juice, garlic, cumin, and paprika for 2 hours."
72,14,2,"Grill or pan-fry chicken for 6-7 minutes per side until cooked through and charred."
73,14,3,"Slice chicken into strips. Cook rice according to package directions."
74,14,4,"Prepare tahini sauce by whisking tahini, lemon juice, garlic, and water until smooth."
75,14,5,"Assemble bowls with rice, sliced chicken, cucumber, pickled vegetables, and cherry tomatoes."
76,14,6,"Drizzle with tahini sauce and garnish with sumac and fresh parsley."
77,15,1,"Soak wide rice noodles in warm water for 20 minutes. Drain well."
78,15,2,"Heat oil in a wok over very high heat. Add shrimp and stir-fry for 2 minutes. Remove and set aside."
79,15,3,"Add garlic and Thai chilies to the wok. Cook for 30 seconds until fragrant."
80,15,4,"Add drained noodles, soy sauce, fish sauce, and oyster sauce. Toss vigorously for 2-3 minutes."
81,15,5,"Return shrimp to the wok. Add Thai basil and stir until wilted, about 1 minute."
82,15,6,"Serve immediately with lime wedges on the side."
83,16,1,"Mix ground beef with finely chopped parsley, onion, garlic, cumin, allspice, salt, and pepper."
84,16,2,"Form mixture into long sausage shapes around flat metal skewers."
85,16,3,"Refrigerate for 30 minutes to help kebabs hold their shape."
86,16,4,"Grill over medium-high heat for 8-10 minutes, turning occasionally, until cooked through with charred edges."
87,16,5,"Serve hot with pita bread, tahini sauce, grilled vegetables, and lemon wedges."
88,17,1,"Heat oil in a wok over high heat. Add minced garlic and Thai chilies, stir-fry for 30 seconds."
89,17,2,"Add ground chicken and break up with a spatula. Cook for 5-6 minutes until fully cooked."
90,17,3,"Add fish sauce, soy sauce, and a pinch of sugar. Stir well to combine."
91,17,4,"Add Thai basil leaves and stir until just wilted, about 1 minute."
92,17,5,"Serve over jasmine rice with a fried egg on top and lime wedges on the side."
93,18,1,"Heat oil in a large pot. Brown lamb shoulder pieces on all sides, about 10 minutes total. Remove and set aside."
94,18,2,"In the same pot, sauté onions until golden. Add curry powder, turmeric, and Scotch bonnet pepper. Cook for 2 minutes."
95,18,3,"Return lamb to the pot with diced potatoes and enough water to cover. Bring to a boil."
96,18,4,"Reduce heat and simmer for 1.5 hours until lamb is tender and curry is thick."
97,18,5,"Warm roti on a griddle or in the oven. Serve curry with roti for wrapping and eating."
98,19,1,"Marinate beef sirloin in soy sauce, mirin, sake, and grated ginger for 2 hours."
99,19,2,"Thread marinated beef and green onion pieces onto skewers, alternating between beef and onion."
100,19,3,"Grill over high heat for 2-3 minutes per side for medium-rare, basting with reserved marinade."
101,19,4,"Meanwhile, reduce remaining marinade in a small pot until thick and glossy, about 5 minutes."
102,19,5,"Brush cooked yakitori with the glaze and serve immediately with additional sauce on the side."
103,20,1,"Heat oil in a large pot. Sauté shallots, garlic, and laksa paste for 2 minutes until fragrant."
104,20,2,"Add coconut milk and chicken broth. Bring to a boil, then reduce to a simmer."
105,20,3,"Soak rice noodles according to package directions. Drain and set aside."
106,20,4,"Add shrimp to the simmering broth and cook for 5 minutes until pink and cooked through."
107,20,5,"Divide noodles into bowls. Ladle hot laksa broth and shrimp over noodles."
108,20,6,"Top with bean sprouts, fried tofu puffs, boiled egg halves, and fresh cilantro. Serve with lime wedges."
109,21,1,"Make long slits in chicken thighs. Marinate in lemon juice, Dijon mustard, garlic, and sliced onions for 4 hours or overnight."
110,21,2,"Remove chicken from marinade, reserving the onions. Pat chicken dry and season with salt and pepper."
111,21,3,"Heat oil in a large skillet. Brown chicken on both sides, about 5 minutes per side. Remove and set aside."
112,21,4,"In the same pan, cook the marinated onions over medium heat until caramelized, about 15 minutes."
113,21,5,"Return chicken to the pan, cover, and cook for 25 minutes until chicken is cooked through."
114,21,6,"Serve hot over rice with the caramelized onions and pan juices."
115,22,1,"Marinate beef in olive oil, lemon juice, garlic, cumin, paprika, and sumac for 3 hours."
116,22,2,"Thread beef onto skewers or cook in a hot skillet for 3-4 minutes per side."
117,22,3,"Cook rice according to package directions. Prepare tahini sauce by mixing tahini, lemon juice, and garlic."
118,22,4,"Slice cooked beef into strips. Assemble plates with rice, sliced beef, and pickled vegetables."
119,22,5,"Drizzle with tahini sauce and sprinkle with sumac. Serve with pita bread on the side."
120,23,1,"Heat oil in a large pot. Sauté onions, ginger, and garlic until fragrant, about 3 minutes."
121,23,2,"Add Massaman curry paste and cook for 2 minutes, stirring constantly."
122,23,3,"Pour in coconut milk and bring to a simmer. Add chicken thighs and diced potatoes."
123,23,4,"Simmer for 40 minutes until chicken is tender and potatoes are cooked through."
124,23,5,"Stir in roasted peanuts, fish sauce, palm sugar, and tamarind paste."
125,23,6,"Serve over jasmine rice, garnished with fried shallots and fresh cilantro."
126,24,1,"Heat oil in a large pot. Brown lamb shoulder pieces on all sides. Remove and set aside."
127,24,2,"Sauté onions, celery, and garlic in the pot until softened. Add cinnamon, cumin, and turmeric."
128,24,3,"Add chickpeas, lentils, diced tomatoes, and lamb back to the pot. Cover with water or broth."
129,24,4,"Bring to a boil, then reduce heat and simmer for 1.5 hours, stirring occasionally."
130,24,5,"Add chopped cilantro and parsley in the last 10 minutes. Adjust seasoning with salt and pepper."
131,24,6,"Serve hot with lemon wedges and crusty bread. Traditionally served during Ramadan."
132,25,1,"Cook spaghetti according to package directions until al dente. Reserve 1 cup pasta water, then drain."
133,25,2,"Heat butter and oil in a large pan. Add minced garlic and cook for 1 minute until fragrant."
134,25,3,"Add shrimp and cook for 3-4 minutes until pink and cooked through."
135,25,4,"Add cooked pasta to the pan with soy sauce. Toss well, adding pasta water as needed."
136,25,5,"Garnish with chopped parsley and serve immediately with extra soy sauce on the side."
137,26,1,"Marinate beef in soy sauce, sesame oil, and garlic for 30 minutes."
138,26,2,"Cook white rice according to package directions. Prepare vegetables by blanching spinach and julienning carrots."
139,26,3,"Fry eggs sunny-side up or over-easy, keeping yolks runny."
140,26,4,"Heat a skillet and cook marinated beef until browned, about 5 minutes."
141,26,5,"Arrange rice in bowls. Top with beef, vegetables, and a fried egg. Add gochujang on the side."
142,26,6,"Mix everything together before eating to combine the flavors."
143,27,1,"Heat oil in a large pot. Sauté onions, garlic, and ginger until softened."
144,27,2,"Add chicken thighs and brown on all sides, about 8 minutes total."
145,27,3,"Add chopped fresh herbs (parsley, cilantro, fenugreek), kidney beans, dried limes, and turmeric."
146,27,4,"Cover with water and bring to a boil. Reduce heat and simmer for 2 hours until thick and aromatic."
147,27,5,"Season with salt and pepper. Remove dried limes before serving."
148,27,6,"Serve over rice with a side of yogurt and fresh herbs."
149,28,1,"Marinate whole lamb shoulder in mandi spice mix, yogurt, and lemon juice for 4 hours."
150,28,2,"Wash basmati rice and soak for 30 minutes. Drain well."
151,28,3,"In a large pot, heat oil and sauté onions until golden. Add rice and cook for 2 minutes."
152,28,4,"Add water, tomatoes, raisins, and bring to a boil. Reduce heat, cover, and cook for 15 minutes."
153,28,5,"Place marinated lamb on top of rice. Cover tightly and cook on very low heat for 2.5 hours."
154,28,6,"Garnish with fried almonds and serve with yogurt and salad."
155,29,1,"Char ginger and onions over an open flame. Add to a pot with beef bones and water."
156,29,2,"Add star anise, cinnamon, and fish sauce. Simmer for 3 hours, skimming foam regularly."
157,29,3,"Strain broth and return to pot. Season with additional fish sauce."
158,29,4,"Soak rice noodles for 30 minutes, then cook in boiling water for 2 minutes."
159,29,5,"Thinly slice beef eye round. Divide noodles into bowls and top with raw beef."
160,29,6,"Pour hot broth over (this cooks the beef). Garnish with herbs, bean sprouts, lime, and chilies."
161,30,1,"Marinate whole chicken in mandi spice, saffron, garlic, and yogurt for 3 hours."
162,30,2,"Wash basmati rice and soak for 30 minutes. Drain."
163,30,3,"In a large pot, sauté onions in oil until golden. Add rice and stir for 2 minutes."
164,30,4,"Add water, salt, and bring to a boil. Cook for 10 minutes until rice is half-cooked."
165,30,5,"Place marinated chicken on top of rice. Cover tightly and cook on low heat for 1.5 hours."
166,30,6,"Garnish with fried almonds and raisins. Serve with yogurt and cucumber salad."
167,31,1,"Cook linguine according to package directions. Reserve 1 cup pasta water, then drain."
168,31,2,"Heat oil in a large pan. Season shrimp with Cajun seasoning and cook for 3 minutes per side."
169,31,3,"Remove shrimp and add diced bell peppers to the pan. Sauté for 3 minutes."
170,31,4,"Add heavy cream and bring to a simmer. Cook for 5 minutes until slightly thickened."
171,31,5,"Return shrimp and add cooked pasta to the sauce. Toss well, adding pasta water if needed."
172,31,6,"Garnish with chopped parsley and serve with crusty bread."
173,32,1,"Heat ghee in a large pot. Brown beef shank pieces on all sides, about 10 minutes. Remove and set aside."
174,32,2,"In the same pot, sauté onions, ginger, and garlic until golden brown."
175,32,3,"Add nihari masala and cook for 2 minutes. Return beef to the pot with enough water to cover."
176,32,4,"Bring to a boil, then reduce heat and simmer for 4 hours until beef is fall-apart tender."
177,32,5,"Make a slurry with wheat flour and water. Stir into the curry to thicken. Simmer for 30 more minutes."
178,32,6,"Garnish with fried onions, ginger julienne, and fresh cilantro. Serve with naan."
179,33,1,"Marinate chicken breast in yogurt, chaat masala, lemon juice, and ginger for 30 minutes."
180,33,2,"Heat oil in a pan and cook chicken until browned and cooked through, about 12 minutes. Slice into strips."
181,33,3,"Warm paratha on a griddle. Spread mint chutney on each paratha."
182,33,4,"Top with sliced chicken, diced onions, tomatoes, and shredded lettuce."
183,33,5,"Roll up tightly, tucking in the ends. Cut in half and serve with extra chutney."
184,34,1,"Heat oil in a large pot. Brown lamb shoulder pieces on all sides. Remove and set aside."
185,34,2,"Puree spinach with water until smooth. Set aside."
186,34,3,"In the pot, sauté onions, ginger, and garlic until golden. Add garam masala and cook for 1 minute."
187,34,4,"Add yogurt, stirring constantly to prevent curdling. Cook for 5 minutes."
188,34,5,"Add spinach puree and return lamb to the pot. Simmer for 45 minutes until lamb is tender."
189,34,6,"Finish with a swirl of cream and serve with naan or rice."
190,35,1,"Season beef oxtail with salt and pepper. Brown in a large pot with oil, about 15 minutes. Remove and set aside."
191,35,2,"In the same pot, make the peanut sauce by cooking peanut butter, garlic, and shrimp paste."
192,35,3,"Return oxtail to the pot with enough water to cover. Bring to a boil."
193,35,4,"Reduce heat and simmer for 2.5 hours until oxtail is tender."
194,35,5,"Add eggplant and bok choy in the last 15 minutes of cooking."
195,35,6,"Serve hot over rice with bagoong (shrimp paste) on the side."
196,36,1,"Heat oil in a wok over high heat. Scramble eggs and remove from wok."
197,36,2,"Add diced shallots and cook for 1 minute. Add chicken breast and stir-fry for 4 minutes."
198,36,3,"Add cooked rice, breaking up any clumps. Stir-fry for 3 minutes."
199,36,4,"Add kecap manis (sweet soy sauce) and mix well to coat all rice."
200,36,5,"Return scrambled eggs to the wok. Add sliced green onions and toss together."
201,36,6,"Serve immediately with fried shallots on top and cucumber slices on the side."
202,37,1,"Heat oil in a pot. Add mustard seeds and curry leaves. Cook until seeds start to pop."
203,37,2,"Add sliced onions and cook until softened. Add ginger and garlic, cook for 1 minute."
204,37,3,"Add shrimp and cook for 2 minutes. Add kokum and coconut milk."
205,37,4,"Bring to a simmer and cook for 15 minutes. Add ground spices and salt."
206,37,5,"Finish with fresh cilantro and serve over rice with papadums on the side."
207,38,1,"Cook egg noodles according to package directions. Drain and set aside."
208,38,2,"Heat oil in a pot. Add khao soi paste and cook for 2 minutes until fragrant."
209,38,3,"Add beef chuck and brown on all sides, about 5 minutes."
210,38,4,"Pour in coconut milk and water. Bring to a simmer and cook for 30 minutes until beef is tender."
211,38,5,"Divide noodles into bowls. Ladle curry over noodles."
212,38,6,"Top with pickled mustard greens, fried shallots, lime wedges, and crispy fried noodles."
213,39,1,"Wash basmati rice and soak for 30 minutes. Drain."
214,39,2,"Heat oil in a large pot. Sauté onions until golden. Add kabsa spice mix and cook for 1 minute."
215,39,3,"Add whole chicken pieces and brown on all sides, about 8 minutes."
216,39,4,"Add rice, diced tomatoes, dried limes, and water. Bring to a boil."
217,39,5,"Reduce heat to low, cover tightly, and cook for 45 minutes without lifting the lid."
218,39,6,"Let rest for 10 minutes. Serve chicken on a bed of rice, garnished with fried almonds."
219,40,1,"Mix ground lamb with finely chopped mint, coriander, ginger, garam masala, and salt."
220,40,2,"Form mixture into sausage shapes around flat metal skewers."
221,40,3,"Refrigerate for 1 hour to firm up."
222,40,4,"Grill over high heat for 12-15 minutes, turning frequently, until cooked through with charred edges."
223,40,5,"Serve hot with mint chutney, naan, and sliced onions."
224,41,1,"Bring a large pot of water to a boil. Add beef short ribs and cook for 5 minutes. Drain and rinse."
225,41,2,"In the same pot, add fresh water, tomatoes, radish, and tamarind paste. Bring to a boil."
226,41,3,"Reduce heat and simmer for 1 hour until beef is tender."
227,41,4,"Add water spinach and cook for 5 more minutes."
228,41,5,"Season with fish sauce and pepper. Serve hot over rice with green chilies on the side."
229,42,1,"Bring a large pot of water to a boil. Add whole chicken, ginger slices, and green onions."
230,42,2,"Simmer for 40 minutes until chicken is cooked through. Remove chicken and let cool."
231,42,3,"Strain and reserve the cooking liquid. Use it to cook jasmine rice."
232,42,4,"Cut chicken into pieces. Prepare ginger-garlic sauce by mixing minced ginger, garlic, and sesame oil."
233,42,5,"Serve sliced chicken over the flavored rice with cucumber, ginger sauce, and chicken broth on the side."
234,43,1,"Remove shells from shrimp and reserve. Devein shrimp and refrigerate."
235,43,2,"Sauté shrimp shells in oil until pink and fragrant. Add tomato paste and cook for 2 minutes."
236,43,3,"Add brandy and carefully flambé. Add fish stock and simmer for 30 minutes."
237,43,4,"Strain the broth, pressing on shells to extract all flavor. Return to pot."
238,43,5,"Add shrimp meat and heavy cream. Simmer for 10 minutes."
239,43,6,"Blend until smooth. Season with salt, cayenne, and serve with crusty bread."
240,44,1,"Heat oil in a large pot. Add lemongrass, galangal, and turmeric. Cook for 2 minutes."
241,44,2,"Add beef chuck and brown on all sides, about 8 minutes."
242,44,3,"Add coconut milk, candlenuts (or macadamias), and kaffir lime leaves."
243,44,4,"Bring to a simmer and cook for 50 minutes until beef is tender and curry is thick."
244,44,5,"Season with palm sugar and salt. Serve over rice with lime wedges."
245,45,1,"Heat oil in a tagine or Dutch oven. Brown chicken thighs on both sides, about 8 minutes. Remove and set aside."
246,45,2,"Sauté onions and garlic until softened. Add saffron, coriander, and ginger."
247,45,3,"Return chicken to the pot with preserved lemons, green olives, and chicken broth."
248,45,4,"Cover and simmer for 1 hour until chicken is very tender."
249,45,5,"Garnish with fresh cilantro and serve with couscous or crusty bread."
250,46,1,"Marinate lamb in yogurt, garam masala, saffron, and fried onions for 2 hours."
251,46,2,"Wash basmati rice and soak for 45 minutes. Parboil rice for 6 minutes, then drain."
252,46,3,"Layer marinated lamb in the bottom of a heavy pot. Top with parboiled rice."
253,46,4,"Drizzle with saffron milk and melted ghee. Cover with a tight lid wrapped in a towel."
254,46,5,"Cook on high heat for 5 minutes, then reduce to very low for 50 minutes (dum cooking)."
255,46,6,"Let rest for 10 minutes. Garnish with fried onions, mint, and serve with raita."
256,47,1,"Season shrimp with salt, pepper, and lime juice. Set aside."
257,47,2,"Heat oil in a skillet. Sauté bell peppers and onions until softened, about 5 minutes. Remove and set aside."
258,47,3,"In the same skillet, cook shrimp for 2-3 minutes per side until pink."
259,47,4,"Warm flour tortillas. Fill with shrimp, sautéed vegetables, and shredded cheddar cheese."
260,47,5,"Fold quesadillas and cook in a dry skillet for 2 minutes per side until cheese melts."
261,47,6,"Cut into wedges and serve with sour cream, guacamole, and salsa."
262,48,1,"Char ginger and onions. Add to a pot with beef bones and water. Simmer for 3 hours."
263,48,2,"Strain broth and season with fish sauce. Keep hot."
264,48,3,"Soak rice noodles for 30 minutes, then cook briefly in boiling water."
265,48,4,"Thinly slice beef sirloin and arrange in bowls over noodles."
266,48,5,"Ladle boiling broth over beef to cook it. Top with star anise, herbs, bean sprouts, and lime."
267,49,1,"Combine chicken thighs, soy sauce, vinegar, garlic, and bay leaves in a pot."
268,49,2,"Bring to a boil, then reduce heat and simmer uncovered for 30 minutes."
269,49,3,"Continue cooking until liquid reduces and becomes thick and syrupy, about 15 more minutes."
270,49,4,"The chicken should be dark brown and caramelized. Turn pieces occasionally."
271,49,5,"Serve over rice with the reduced sauce and steamed vegetables."
272,50,1,"Season lamb chops with salt, pepper, and olive oil. Let rest at room temperature for 20 minutes."
273,50,2,"Make mint sauce by finely chopping fresh mint, mixing with olive oil, lemon juice, and garlic."
274,50,3,"Heat a grill or cast iron skillet to high heat."
275,50,4,"Grill lamb chops for 3-4 minutes per side for medium-rare."
276,50,5,"Let rest for 5 minutes, then serve with mint sauce and roasted potatoes."
278,51,2,"Add taco seasoning and water. Simmer for 5 minutes until thickened."
279,51,3,"Make guacamole: mash avocados with lime juice, salt, diced tomatoes, onions, and cilantro."
280,51,4,"Warm taco shells in the oven for 5 minutes."
281,51,5,"Fill shells with seasoned beef, lettuce, cheese, and top with fresh guacamole."
282,52,1,"Pound chicken breasts to even thickness. Season with salt and pepper."
283,52,2,"Set up breading station: flour, beaten eggs, and panko breadcrumbs mixed with sesame seeds."
284,52,3,"Bread chicken: dip in flour, then egg, then panko. Press coating firmly."
285,52,4,"Heat oil in a large pan. Fry chicken for 4-5 minutes per side until golden and cooked through."
286,52,5,"Meanwhile, prepare Japanese curry according to package directions."
287,52,6,"Slice chicken and serve over rice with curry sauce. Garnish with pickled vegetables."
288,53,1,"Mix minced shrimp with ginger, soy sauce, and sesame oil."
289,53,2,"Place a small spoonful of filling in the center of each wonton wrapper. Wet edges and fold into triangle, pressing to seal."
290,53,3,"Bring chicken broth to a boil with ginger slices and soy sauce."
291,53,4,"Add wontons and cook for 5 minutes until they float. Add bok choy and cook for 2 more minutes."
292,53,5,"Ladle soup into bowls. Drizzle with sesame oil and garnish with green onions."
293,54,1,"Marinate thinly sliced beef ribeye in soy sauce, sesame oil, sugar, garlic, and grated pear for 2 hours."
294,54,2,"Cook rice according to package directions."
295,54,3,"Heat a skillet or grill to high heat. Cook beef for 1-2 minutes per side."
296,54,4,"Assemble bowls with rice, sliced bulgogi beef, and kimchi."
297,54,5,"Top with sesame seeds and sliced green onions. Serve with extra soy sauce."
298,55,1,"Toast dried chilies in a dry pan until fragrant. Soak in hot water for 20 minutes."
299,55,2,"Blend chilies with chocolate, spices, nuts, and tomatoes until smooth."
300,55,3,"Heat oil in a large pot. Add mole sauce and cook for 15 minutes, stirring frequently."
301,55,4,"Add chicken thighs and enough broth to cover. Simmer for 1 hour."
302,55,5,"The mole should be thick and coat the chicken. Adjust seasoning with salt and sugar."
303,55,6,"Garnish with sesame seeds and serve with rice and warm tortillas."
304,56,1,"Slice eggplant into 1/2 inch rounds. Salt and let drain for 30 minutes. Rinse and pat dry."
305,56,2,"Brown ground lamb with onions and garlic. Add tomato sauce and simmer for 20 minutes."
306,56,3,"Fry or bake eggplant slices until golden brown."
307,56,4,"Make béchamel sauce: melt butter, whisk in flour, then gradually add milk. Season with nutmeg."
308,56,5,"Layer in a baking dish: eggplant, meat sauce, eggplant, meat sauce. Top with béchamel and parmesan."
309,56,6,"Bake at 350°F for 45 minutes until golden and bubbling. Let rest 15 minutes before serving."
310,57,1,"Heat oil in a pot. Add shirataki noodles and cook for 2 minutes to remove excess moisture. Remove and set aside."
311,57,2,"In the same pot, heat dashi broth with soy sauce, mirin, and sugar."
312,57,3,"Add tofu, sliced beef, and vegetables. Arrange neatly in the pot."
313,57,4,"Simmer for 8-10 minutes until beef is cooked and vegetables are tender."
314,57,5,"Return noodles to the pot. Serve in individual bowls with raw egg for dipping."
315,58,1,"Pound chicken breasts to even thickness. Season with salt and pepper."
316,58,2,"Set up breading station: flour, beaten eggs, and panko breadcrumbs."
317,58,3,"Bread chicken thoroughly, pressing panko to adhere."
318,58,4,"Heat oil in a deep pan to 350°F. Fry chicken for 5-6 minutes per side until golden."
319,58,5,"Drain on paper towels. Slice into strips."
320,58,6,"Serve over shredded cabbage with tonkatsu sauce drizzled on top."
321,59,1,"Cook rice according to package directions and let cool slightly."
322,59,2,"Season shrimp with cumin, chili powder, and lime juice. Cook in a hot pan for 3 minutes."
323,59,3,"Heat black beans with garlic and cumin until warmed through."
324,59,4,"Assemble bowls with rice, black beans, corn, shrimp, and diced avocado."
325,59,5,"Top with salsa, cilantro, and lime wedges."
326,60,1,"Cut beef chuck into 2-inch cubes. Heat oil in a large pot and brown beef on all sides."
327,60,2,"Add crushed lemongrass, sliced galangal, and chili paste. Cook for 2 minutes."
328,60,3,"Pour in coconut milk. Bring to a simmer and cook for 1.5 hours, stirring occasionally."
329,60,4,"The beef should be very tender and the sauce thick and dark. Add more coconut milk if needed."
330,60,5,"Toast grated coconut until golden. Sprinkle over rendang and serve with rice."
331,61,1,"Mix ground chicken with minced cabbage, ginger, garlic, soy sauce, and sesame oil."
332,61,2,"Place a teaspoon of filling on each gyoza wrapper. Wet the edge and fold, making pleats."
333,61,3,"Heat oil in a large pan. Place gyoza flat-side down in the pan."
334,61,4,"Cook for 2 minutes until bottoms are golden. Add water to the pan and cover immediately."
335,61,5,"Steam for 5 minutes until water evaporates and gyoza are cooked through."
336,61,6,"Serve with dipping sauce made from soy sauce, rice vinegar, and chili oil."
337,62,1,"Cut lamb shoulder into cubes. Marinate in vinegar, chili powder, garlic, and ginger for 2 hours."
338,62,2,"Heat oil in a pot and brown lamb on all sides. Remove and set aside."
339,62,3,"In the same pot, sauté onions until golden. Add more spices and tomatoes."
340,62,4,"Return lamb to the pot with enough water to cover. Bring to a boil."
341,62,5,"Reduce heat and simmer for 50 minutes until lamb is tender and sauce is thick."
342,62,6,"Serve with rice or naan. Garnish with fresh cilantro."
343,63,1,"Cook yakisoba noodles according to package directions. Drain and set aside."
344,63,2,"Heat oil in a wok over high heat. Add sliced beef and stir-fry for 2 minutes."
345,63,3,"Add shredded cabbage and cook for 2 minutes until slightly wilted."
346,63,4,"Add noodles and yakisoba sauce. Toss everything together for 3 minutes."
347,63,5,"Garnish with pickled ginger, bonito flakes, and seaweed. Serve immediately."
348,64,1,"In a large pot, combine chicken thighs, hominy, diced onions, and dried chilies."
349,64,2,"Add enough water to cover and bring to a boil. Skim any foam."
350,64,3,"Reduce heat and simmer for 1.5 hours until chicken is very tender."
351,64,4,"Remove chicken, shred meat, and return to the pot."
352,64,5,"Season with salt and oregano. Serve in bowls with toppings: cabbage, radishes, lime, oregano, and tostadas."
353,65,1,"Soak rice paper sheets in warm water for 10-15 seconds until pliable."
354,65,2,"Lay sheet flat. Place lettuce, rice vermicelli, mint, and cooked shrimp in the center."
355,65,3,"Fold in the sides, then roll tightly from bottom to top."
356,65,4,"Repeat with remaining ingredients."
357,65,5,"Serve with peanut dipping sauce or hoisin sauce mixed with peanut butter."
358,66,1,"Cut beef sirloin into cubes. Marinate in curry powder, coconut milk, and lime juice for 2 hours."
359,66,2,"Thread marinated beef onto skewers."
360,66,3,"Grill over medium-high heat for 10-12 minutes, turning frequently."
361,66,4,"Make peanut sauce: cook peanut butter, coconut milk, soy sauce, and lime juice until smooth."
362,66,5,"Serve satay hot with peanut sauce and cucumber salad."
363,67,1,"Heat oil in a pot. Add laksa paste and cook for 2 minutes until fragrant."
364,67,2,"Add coconut milk and chicken broth. Bring to a simmer."
365,67,3,"Add chicken breast and cook for 15 minutes until cooked through. Remove and shred."
366,67,4,"Soak rice noodles according to package directions. Drain."
367,67,5,"Divide noodles into bowls. Top with shredded chicken, bean sprouts, and tofu puffs."
368,67,6,"Ladle hot laksa broth over. Garnish with cilantro and lime wedges."
369,68,1,"Marinate lamb cubes in olive oil, lemon juice, oregano, and garlic for 2 hours."
370,68,2,"Thread lamb onto skewers. Grill over high heat for 10-12 minutes, turning occasionally."
371,68,3,"Warm pita bread on the grill."
372,68,4,"Make tzatziki: mix grated cucumber, yogurt, garlic, and dill."
373,68,5,"Serve grilled lamb with warm pita, tzatziki sauce, tomatoes, and onions."
374,69,1,"Heat oil in a large pot. Add Massaman curry paste and cook for 2 minutes."
375,69,2,"Add beef chuck and brown on all sides, about 5 minutes."
376,69,3,"Pour in coconut milk and bring to a simmer. Add diced potatoes."
377,69,4,"Cook for 1 hour until beef is very tender and potatoes are cooked through."
378,69,5,"Stir in roasted peanuts, palm sugar, fish sauce, and tamarind paste."
379,69,6,"Serve over jasmine rice with crispy fried shallots on top."
380,70,1,"Marinate chicken thighs in olive oil, lemon juice, cumin, paprika, and garlic for 2 hours."
381,70,2,"Grill or pan-fry chicken for 6-7 minutes per side until charred and cooked through."
382,70,3,"Slice chicken into strips. Warm pita bread."
383,70,4,"Make tahini sauce by mixing tahini, lemon juice, garlic, and water until smooth."
384,70,5,"Fill pita with chicken, lettuce, tomatoes, pickled turnips, and tahini sauce."
385,70,6,"Wrap tightly and serve with extra sauce on the side."
386,71,1,"Heat coconut milk in a pot until simmering. Add galangal, lemongrass, and kaffir lime leaves."
387,71,2,"Add sliced mushrooms and cook for 5 minutes."
388,71,3,"Add shrimp and cook for 5 minutes until pink."
389,71,4,"Season with fish sauce, lime juice, and sugar. Adjust to balance sour and salty flavors."
390,71,5,"Remove from heat. Garnish with Thai chilies and cilantro. Serve immediately."
391,72,1,"Heat oil in a large pan. Add sliced beef and cook for 3-4 minutes until browned. Remove and set aside."
392,72,2,"In the same pan, sauté sliced onions for 2 minutes."
393,72,3,"Add soy sauce, mirin, and sugar. Stir to combine."
394,72,4,"Return beef to the pan and toss to coat in the sauce."
395,72,5,"Serve over bowls of steamed rice. Top with pickled ginger and green onions."
396,73,1,"Make chimichurri sauce: blend parsley, garlic, olive oil, red wine vinegar, and red pepper flakes until smooth."
397,73,2,"Marinate chicken breast in half the chimichurri for 2 hours."
398,73,3,"Grill chicken over medium-high heat for 6-7 minutes per side."
399,73,4,"Let rest for 5 minutes, then slice."
400,73,5,"Serve with remaining chimichurri drizzled on top and grilled vegetables on the side."
401,74,1,"Marinate lamb in olive oil, lemon juice, cumin, coriander, and garlic for 3 hours."
402,74,2,"Thread lamb onto a vertical spit or cook in a hot skillet, slicing thinly as it cooks."
403,74,3,"Warm pita bread on the grill."
404,74,4,"Make tahini sauce by mixing tahini, lemon juice, and garlic with water until smooth."
405,74,5,"Fill pita with sliced lamb, lettuce, tomatoes, onions, and tahini sauce."
406,75,1,"Heat oil in a large pot. Sauté diced onions and garlic until softened."
407,75,2,"Add curry powder and cook for 1 minute until fragrant."
408,75,3,"Add mixed vegetables (carrots, peas, bell peppers, cauliflower) and stir to coat."
409,75,4,"Pour in coconut milk and bring to a simmer. Cook for 20 minutes until vegetables are tender."
410,75,5,"Cook rice according to package directions. Serve curry over rice with naan bread."
411,76,1,"Pound chicken breasts to even thickness. Season with salt, pepper, and lemon juice."
412,76,2,"Set up breading station: flour, beaten eggs, and breadcrumbs."
413,76,3,"Bread chicken thoroughly: dip in flour, egg, then breadcrumbs."
414,76,4,"Heat oil and butter in a large pan. Fry chicken for 4-5 minutes per side until golden."
415,76,5,"Serve with lemon wedges, potato salad, and cucumber salad."
416,77,1,"Cook lo mein noodles according to package directions. Drain and toss with a bit of sesame oil."
417,77,2,"Heat oil in a wok over high heat. Add shrimp and stir-fry for 2 minutes. Remove."
418,77,3,"Add mixed vegetables (bok choy, carrots, bell peppers) to the wok. Stir-fry for 3 minutes."
419,77,4,"Return noodles and shrimp to the wok. Add soy sauce and oyster sauce."
420,77,5,"Toss everything together for 2 minutes. Drizzle with sesame oil and serve hot."
421,78,1,"Cook chow mein noodles until just tender. Drain and set aside."
422,78,2,"Heat oil in a wok over high heat. Add sliced beef and stir-fry for 3 minutes. Remove."
423,78,3,"Add shredded cabbage, carrots, and bean sprouts. Stir-fry for 3 minutes."
424,78,4,"Return beef and noodles to the wok. Add soy sauce and oyster sauce."
425,78,5,"Toss for 2 minutes until everything is well combined. Serve immediately."
426,79,1,"Cook penne pasta according to package directions. Reserve 1 cup pasta water, then drain."
427,79,2,"Heat oil in a pan. Season chicken with salt and pepper, cook for 6 minutes per side. Slice."
428,79,3,"In a large bowl, toss hot pasta with pesto sauce, adding pasta water to reach desired consistency."
429,79,4,"Add sliced chicken and halved cherry tomatoes. Toss gently."
430,79,5,"Top with grated parmesan and fresh basil. Serve immediately."
431,80,1,"Heat oil in a pan. Brown ground beef with diced onions until cooked through."
432,80,2,"Add cumin, paprika, salt, and pepper. Cook for 2 minutes. Let cool."
433,80,3,"Place a spoonful of beef filling on each empanada disc. Fold in half and crimp edges with a fork."
434,80,4,"Brush empanadas with beaten egg wash."
435,80,5,"Bake at 375°F for 20 minutes until golden brown. Serve with chimichurri or hot sauce."
436,81,1,"Cut chicken breast into cubes. Marinate in curry powder, coconut milk, and soy sauce for 2 hours."
437,81,2,"Thread chicken onto skewers."
438,81,3,"Grill over medium-high heat for 12-15 minutes, turning frequently."
439,81,4,"Make peanut sauce: cook peanut butter, coconut milk, lime juice, and soy sauce until smooth."
440,81,5,"Serve satay hot with peanut sauce and cucumber-onion salad."
441,82,1,"Mix ground lamb with finely chopped parsley, onion, garlic, cumin, coriander, and salt."
442,82,2,"Form into sausage shapes around skewers."
443,82,3,"Refrigerate for 30 minutes."
444,82,4,"Grill over medium-high heat for 10-12 minutes, turning occasionally."
445,82,5,"Serve with pita bread, hummus, and grilled vegetables."
446,83,1,"Heat olive oil in a large pot. Add ground beef and brown, breaking up with a spoon."
447,83,2,"Add diced onions, carrots, celery, and garlic. Cook for 8 minutes until softened."
448,83,3,"Add crushed tomatoes, red wine, and Italian herbs. Bring to a simmer."
449,83,4,"Reduce heat to low and simmer for 1.5 hours, stirring occasionally."
450,83,5,"Cook pappardelle pasta until al dente. Toss with the ragu sauce."
451,83,6,"Serve with grated parmesan and fresh basil."
452,84,1,"Prepare ice-cold tempura batter by mixing flour with ice water. Do not overmix - lumps are fine."
453,84,2,"Heat vegetable oil to 350°F in a deep pot."
454,84,3,"Dip shrimp in batter and immediately drop into hot oil. Fry for 2-3 minutes until golden and crispy."
455,84,4,"Drain on paper towels. Repeat with remaining shrimp."
456,84,5,"Serve hot with tentsuyu dipping sauce (dashi, soy sauce, mirin) and grated daikon radish."
457,85,1,"Heat oil in a large pot. Sauté onions, ginger, and garlic until fragrant."
458,85,2,"Add chicken thighs and brown on all sides."
459,85,3,"Add yogurt, ground almonds, garam masala, and chicken broth."
460,85,4,"Simmer for 25 minutes until chicken is cooked through and sauce is creamy."
461,85,5,"Cook rice according to package directions."
462,85,6,"Serve chicken korma over rice, garnished with toasted almonds and cilantro."
463,86,1,"Marinate beef in olive oil, lemon juice, oregano, and garlic for 30 minutes."
464,86,2,"Cook beef in a hot skillet or grill for 3-4 minutes per side. Slice thinly."
465,86,3,"Warm pita bread. Make tzatziki by mixing yogurt, cucumber, and garlic."
466,86,4,"Fill pita with sliced beef, lettuce, tomatoes, red onion, and feta cheese."
467,86,5,"Drizzle with tzatziki sauce and serve with lemon wedges."
468,87,1,"Cook chow mein noodles until just tender. Drain and toss with sesame oil."
469,87,2,"Heat oil in a wok over high heat. Add sliced chicken and stir-fry for 5 minutes."
470,87,3,"Add mixed vegetables and stir-fry for 3 minutes."
471,87,4,"Add noodles, soy sauce, and oyster sauce. Toss for 2 minutes."
472,87,5,"Serve hot with extra soy sauce on the side."
473,88,1,"Dice shrimp into small pieces. Mix with lime juice, salt, and diced red onions."
474,88,2,"Let marinate in the refrigerator for 2-3 hours until shrimp turns opaque and 'cooks' in the acid."
475,88,3,"Add diced tomatoes, cilantro, and jalapeños. Mix well."
476,88,4,"Chill for another 30 minutes for flavors to meld."
477,88,5,"Serve in chilled bowls or glasses with tortilla chips or tostadas."
478,89,1,"Heat oil in a wok or large skillet over high heat."
479,89,2,"Add cooked rice and break up any clumps. Stir-fry for 2 minutes."
480,89,3,"Push rice to the side. Scramble eggs in the cleared space."
481,89,4,"Mix eggs into rice. Add diced beef and kimchi. Stir-fry for 3 minutes."
482,89,5,"Add soy sauce and sesame oil. Toss well. Top with sesame seeds and green onions."
483,90,1,"Marinate chicken breast in olive oil, lemon juice, oregano, and garlic for 2 hours."
484,90,2,"Grill chicken over medium-high heat for 6-7 minutes per side. Slice into strips."
485,90,3,"Warm pita bread. Spread tzatziki sauce on the pita."
486,90,4,"Add sliced chicken, lettuce, tomatoes, cucumbers, and red onions."
487,90,5,"Roll up tightly and wrap in foil or parchment. Serve immediately."
488,91,1,"Marinate lamb in yogurt, saffron, biryani masala, and fried onions for 2 hours."
489,91,2,"Wash basmati rice and parboil for 6 minutes. Drain."
490,91,3,"Layer marinated lamb in the bottom of a heavy pot. Top with parboiled rice."
491,91,4,"Drizzle with saffron milk and ghee. Cover with a tight lid."
492,91,5,"Cook on high heat for 5 minutes, then low heat for 40 minutes."
493,91,6,"Let rest for 10 minutes. Garnish with fried onions and serve with raita."
494,92,1,"Cook rice according to package directions."
495,92,2,"Heat oil in a pan. Add sliced beef and cook for 3 minutes until browned."
496,92,3,"Add teriyaki sauce and sliced broccoli. Cook for 5 minutes, stirring frequently."
497,92,4,"Serve beef and broccoli over rice. Garnish with sesame seeds."
498,93,1,"Cut chicken breast into cubes. Marinate in yogurt, tikka masala, lemon juice, and garlic for 3 hours."
499,93,2,"Thread marinated chicken onto skewers."
500,93,3,"Grill over high heat for 12-15 minutes, turning frequently, until charred and cooked through."
501,93,4,"Serve hot with mint chutney, naan bread, and lemon wedges."
502,94,1,"Season shrimp with fajita seasoning, lime juice, and olive oil."
503,94,2,"Heat oil in a large skillet. Sauté sliced bell peppers and onions for 5 minutes."
504,94,3,"Add seasoned shrimp and cook for 3-4 minutes until pink."
505,94,4,"Warm flour tortillas in a dry skillet."
506,94,5,"Serve shrimp and vegetables with warm tortillas, sour cream, guacamole, and salsa."
507,95,1,"Heat olive oil in a large pot. Brown ground beef, breaking up with a spoon."
508,95,2,"Add diced onions, carrots, celery, and garlic. Cook for 8 minutes."
509,95,3,"Add crushed tomatoes, red wine, and Italian herbs. Bring to a simmer."
510,95,4,"Reduce heat and simmer for 1.5 hours, stirring occasionally."
511,95,5,"Cook spaghetti until al dente. Toss with Bolognese sauce."
512,95,6,"Serve with grated parmesan cheese and fresh basil."
513,96,1,"Cook wide rice noodles for 1 minute less than package directions. Drain."
514,96,2,"Heat oil in a wok over high heat. Add chicken and stir-fry for 5 minutes."
515,96,3,"Add broccoli and cook for 2 minutes."
516,96,4,"Add noodles, soy sauce, and oyster sauce. Toss vigorously for 2-3 minutes."
517,96,5,"The noodles should be slightly charred. Serve immediately."
518,97,1,"Heat oil in a pot. Brown lamb shoulder pieces on all sides. Remove."
519,97,2,"Sauté onions, ginger, and garlic until golden. Add garam masala and tomatoes."
520,97,3,"Return lamb to the pot with yogurt and enough water to cover."
521,97,4,"Simmer for 1.5 hours until lamb is tender and sauce is thick."
522,97,5,"Garnish with fresh cilantro and serve with naan or rice."
523,98,1,"Cook udon noodles according to package directions. Drain."
524,98,2,"Heat oil in a wok. Add sliced beef and stir-fry for 3 minutes."
525,98,3,"Add mixed vegetables and cook for 2 minutes."
526,98,4,"Add noodles, soy sauce, and mirin. Toss for 2 minutes."
527,98,5,"Serve hot with sesame seeds on top."
528,99,1,"Marinate chicken thighs in soy sauce, fish sauce, garlic, and lemongrass for 30 minutes."
529,99,2,"Grill or pan-fry chicken for 6 minutes per side until cooked through. Slice."
530,99,3,"Slice baguette lengthwise and lightly toast."
531,99,4,"Spread mayonnaise on both sides. Layer with chicken, pickled vegetables, cucumber, jalapeños, and cilantro."
532,99,5,"Close sandwich and serve immediately."
533,100,1,"Cook spaghetti in salted boiling water until al dente. Reserve 1 cup pasta water."
534,100,2,"While pasta cooks, whisk together eggs, grated parmesan, and black pepper in a bowl."
535,100,3,"Drain pasta and immediately toss with the egg mixture, adding pasta water as needed to create a creamy sauce."
536,100,4,"The heat from the pasta will cook the eggs. Do not add to a hot pan or eggs will scramble."
537,100,5,"Serve immediately with extra parmesan and black pepper."
539,101,2,"Grill or broil chicken until charred and cooked through, about 15 minutes. Slice."
540,101,3,"Heat oil in a pan. Sauté onions, ginger, and garlic until golden."
541,101,4,"Add tomato sauce and remaining garam masala. Simmer for 10 minutes."
542,101,5,"Add heavy cream and butter. Return chicken to the sauce and simmer for 15 minutes."
543,101,6,"Serve with basmati rice or naan bread, garnished with cilantro."
544,102,1,"Tear romaine lettuce into bite-sized pieces. Wash and dry thoroughly."
545,102,2,"Make dressing: blend anchovy paste, lemon juice, Dijon mustard, garlic, and olive oil."
546,102,3,"Toss lettuce with dressing until well coated."
547,102,4,"Top with croutons and shaved parmesan cheese."
548,102,5,"Optionally add grilled chicken for a heartier meal."
549,103,1,"Soak rice noodles in warm water for 30 minutes. Drain."
550,103,2,"Heat oil in a wok. Scramble eggs and set aside."
551,103,3,"Add shrimp and cook for 2 minutes. Remove."
552,103,4,"Add garlic and shallots to the wok. Cook for 30 seconds."
553,103,5,"Add drained noodles, tamarind paste, fish sauce, and palm sugar. Toss for 3 minutes."
554,103,6,"Return shrimp and eggs. Add peanuts and bean sprouts. Serve with lime wedges."
555,104,1,"Brown ground beef in a skillet over medium-high heat. Drain excess fat."
556,104,2,"Add taco seasoning and water according to package directions. Simmer for 5 minutes."
557,104,3,"Warm taco shells in the oven."
558,104,4,"Fill shells with seasoned beef, shredded lettuce, diced tomatoes, and grated cheese."
559,104,5,"Serve with sour cream and salsa on the side."
560,105,1,"If making dough from scratch, prepare and let rise for 1 hour."
561,105,2,"Roll out pizza dough into a 12-inch circle. Place on a baking sheet or pizza stone."
562,105,3,"Spread tomato sauce evenly over the dough, leaving a 1-inch border."
563,105,4,"Tear fresh mozzarella and distribute over the sauce. Drizzle with olive oil."
564,105,5,"Bake at 475°F for 12-15 minutes until crust is golden and cheese is bubbly."
565,105,6,"Top with fresh basil leaves immediately after removing from oven. Slice and serve."
566,106,1,"Chop cucumbers, tomatoes, red onion, and bell peppers into bite-sized pieces."
567,106,2,"Combine vegetables in a large bowl with Kalamata olives."
568,106,3,"Make dressing: whisk together olive oil, red wine vinegar, lemon juice, oregano, salt, and pepper."
569,106,4,"Pour dressing over vegetables and toss well."
570,106,5,"Top with cubed or crumbled feta cheese. Serve immediately."
571,107,1,"Cook sushi rice and season with rice vinegar, sugar, and salt. Let cool."
572,107,2,"Place a nori sheet on a bamboo mat, shiny side down."
573,107,3,"Spread rice evenly over nori, leaving a 1-inch border at the top."
574,107,4,"Arrange thin strips of salmon, cucumber, and avocado in a line across the center."
575,107,5,"Roll tightly using the mat, applying gentle pressure. Wet the border to seal."
576,107,6,"Slice into 8 pieces with a sharp wet knife. Serve with soy sauce, wasabi, and pickled ginger."
577,108,1,"Form ground beef into 4 patties, making a small indent in the center of each."
578,108,2,"Season both sides generously with salt and pepper."
579,108,3,"Grill or pan-fry for 4-5 minutes per side for medium doneness."
580,108,4,"In the last minute, add cheese slices to melt. Toast burger buns."
581,108,5,"Assemble burgers with lettuce, tomato, onions, pickles, and condiments."
582,109,1,"Bring broth or water to a boil in a large pot. Add lemongrass, galangal, and kaffir lime leaves."
583,109,2,"Add sliced mushrooms and cook for 5 minutes."
584,109,3,"Add shrimp and cook for 5 minutes until pink."
585,109,4,"Season with fish sauce, lime juice, and Thai chilies."
586,109,5,"Adjust flavors to balance hot, sour, and salty. Garnish with cilantro."
587,110,1,"Cook lasagna noodles until al dente. Drain and lay flat."
588,110,2,"Brown ground beef with onions and garlic. Add tomato sauce and simmer for 20 minutes."
589,110,3,"Mix ricotta cheese with egg, parmesan, and Italian herbs."
590,110,4,"Layer in a 9x13 pan: sauce, noodles, ricotta mixture, mozzarella. Repeat twice."
591,110,5,"Top final layer with mozzarella and parmesan."
592,110,6,"Bake at 375°F for 45 minutes covered, then 15 minutes uncovered. Let rest 15 minutes before serving."
593,111,1,"Cook fettuccine according to package directions. Reserve 1 cup pasta water."
594,111,2,"Season chicken with salt and pepper. Cook in butter for 6 minutes per side. Slice."
595,111,3,"In the same pan, add garlic and cook for 30 seconds."
596,111,4,"Add heavy cream and bring to a simmer. Cook for 5 minutes until slightly thickened."
597,111,5,"Add parmesan cheese and stir until melted. Toss with pasta, adding pasta water if needed."
598,111,6,"Top with sliced chicken. Serve with extra parmesan and black pepper."
599,112,1,"Bring broth to a boil with ginger, garlic, and soy sauce."
600,112,2,"Cook ramen noodles according to package directions. Drain and divide into bowls."
601,112,3,"Slice cooked chicken breast. Prepare soft-boiled eggs (6-7 minute boil)."
602,112,4,"Ladle hot broth over noodles. Top with chicken, eggs, green onions, and nori."
603,112,5,"Add sesame oil and chili oil to taste. Serve immediately."
604,113,1,"Cut cod fillets into serving-sized pieces. Pat dry."
605,113,2,"Make beer batter: whisk flour with beer, salt, and baking powder until smooth."
606,113,3,"Cut potatoes into thick fries. Soak in cold water for 30 minutes, then dry thoroughly."
607,113,4,"Heat oil to 325°F. Fry potatoes for 5 minutes until tender but not brown. Remove."
608,113,5,"Increase oil to 375°F. Dip fish in batter and fry for 5-6 minutes until golden. Drain."
609,113,6,"Fry potatoes again at 375°F for 2-3 minutes until crispy. Serve fish and chips with malt vinegar and tartar sauce."
610,114,1,"Heat olive oil in a large paella pan. Brown chicken thighs and remove."
611,114,2,"Sauté onions, bell peppers, and garlic in the pan. Add paprika and saffron."
612,114,3,"Add paella rice and stir to coat. Pour in hot broth and bring to a boil."
613,114,4,"Return chicken to the pan. Reduce heat to medium and cook without stirring for 15 minutes."
614,114,5,"Arrange shrimp and mussels on top. Cook for 10 more minutes until rice is tender and seafood is cooked."
615,114,6,"Let rest off heat for 5 minutes. Garnish with lemon wedges and parsley."
616,115,1,"Cook rice according to package directions. Let cool slightly."
617,115,2,"Marinate beef in soy sauce, sesame oil, and garlic for 15 minutes. Cook until browned."
618,115,3,"Prepare vegetables: blanch spinach, julienne carrots, sauté mushrooms, cook bean sprouts."
619,115,4,"Fry eggs sunny-side up."
620,115,5,"Arrange rice in bowls. Top with beef, each vegetable in separate sections, and a fried egg."
621,115,6,"Serve with gochujang sauce on the side. Mix everything together before eating."
622,116,1,"Soak chickpeas overnight. Drain well."
623,116,2,"Add chickpeas, onion, garlic, parsley, cumin, coriander, and salt to a food processor. Pulse until finely ground but not pureed."
624,116,3,"Form mixture into small patties or balls. Refrigerate for 1 hour."
625,116,4,"Heat oil to 350°F. Fry falafel for 3-4 minutes until deep golden brown."
626,116,5,"Drain on paper towels. Serve in pita bread with tahini sauce, lettuce, tomatoes, and pickles."
627,117,1,"Marinate chicken thighs in yogurt, garam masala, and kasuri methi for 30 minutes."
628,117,2,"Grill or broil chicken until charred. Remove and cut into pieces."
629,117,3,"Heat butter in a pan. Sauté onions, ginger, and garlic until golden."
630,117,4,"Add tomato puree and cook for 10 minutes. Blend until smooth."
631,117,5,"Return sauce to pan. Add cream, butter, and chicken. Simmer for 20 minutes."
632,117,6,"Garnish with cream and fenugreek leaves. Serve with naan."
633,118,1,"Char ginger and onions over flame. Add to pot with beef bones and water."
634,118,2,"Add star anise, cinnamon, cardamom, and cloves. Simmer for 3 hours."
635,118,3,"Strain broth and season with fish sauce and salt."
636,118,4,"Soak rice noodles, then cook briefly. Slice beef very thin."
637,118,5,"Assemble: noodles in bowl, top with raw beef, ladle boiling broth over."
638,118,6,"Garnish with herbs, bean sprouts, lime, and chilies."
639,119,1,"Heat oil in a large skillet. Sauté onions, bell peppers, and garlic until softened."
640,119,2,"Add diced tomatoes and cumin. Cook for 10 minutes until thickened."
641,119,3,"Make wells in the sauce and crack eggs into them."
642,119,4,"Cover and cook for 8-10 minutes until eggs are set to your liking."
643,119,5,"Garnish with cilantro and feta cheese. Serve with crusty bread."
644,120,1,"Pound chicken breasts to even thickness. Season with salt and pepper."
645,120,2,"Set up breading: flour, beaten eggs, breadcrumbs mixed with parmesan."
646,120,3,"Bread chicken thoroughly and fry in hot oil for 5 minutes per side."
647,120,4,"Place fried chicken in a baking dish. Top each with tomato sauce and mozzarella."
648,120,5,"Bake at 400°F for 15 minutes until cheese is melted and bubbly."
649,120,6,"Garnish with fresh basil and serve with pasta."
650,121,1,"Slice beef sirloin very thin against the grain."
651,121,2,"Heat oil in a wok over high heat. Add beef and stir-fry for 2-3 minutes. Remove."
652,121,3,"Add broccoli and bell peppers. Stir-fry for 3 minutes."
653,121,4,"Add soy sauce, oyster sauce, and garlic. Toss well."
654,121,5,"Return beef to wok. Stir-fry for 1 minute. Serve over rice."
655,122,1,"Heat oil in a skillet. Cook chicken with fajita seasoning for 6 minutes per side. Slice."
656,122,2,"Sauté bell peppers and onions in the same pan for 5 minutes."
657,122,3,"Warm flour tortillas in a dry skillet."
658,122,4,"Fill tortillas with chicken, vegetables, and shredded cheese."
659,122,5,"Fold and cook in the skillet for 2 minutes per side until cheese melts and tortilla is crispy."
660,122,6,"Cut into wedges and serve with sour cream, salsa, and guacamole."
661,123,1,"Cook linguine according to package directions. Reserve 1 cup pasta water."
662,123,2,"Heat olive oil and butter in a large pan. Add minced garlic and cook for 1 minute."
663,123,3,"Add shrimp and cook for 3-4 minutes until pink. Season with salt, pepper, and red pepper flakes."
664,123,4,"Add white wine and lemon juice. Simmer for 2 minutes."
665,123,5,"Toss cooked pasta with shrimp and sauce. Add pasta water if needed."
666,123,6,"Garnish with parsley and serve with crusty bread."
667,124,1,"Heat oil in a large pot. Sauté onions and garlic until softened."
668,124,2,"Add curry powder and cook for 1 minute until fragrant."
669,124,3,"Add mixed vegetables and stir to coat in spices."
670,124,4,"Pour in coconut milk and vegetable broth. Bring to a simmer."
671,124,5,"Cook for 25 minutes until vegetables are tender. Season with salt and pepper."
672,124,6,"Serve over rice with naan bread on the side."
673,125,1,"Sear beef tenderloin on all sides in a hot pan with oil. Let cool completely."
674,125,2,"Spread pâté evenly over the beef. Sauté mushrooms until all moisture evaporates. Cool and spread over pâté."
675,125,3,"Roll out puff pastry. Place beef in center and wrap tightly, sealing edges with egg wash."
676,125,4,"Brush entire pastry with egg wash. Score decoratively with a knife."
677,125,5,"Bake at 400°F for 35-40 minutes for medium-rare (internal temp 135°F)."
678,125,6,"Let rest for 10 minutes before slicing. Serve with red wine sauce."
679,126,1,"Bring chicken broth to a boil in a large pot."
680,126,2,"Add diced chicken breast, sliced carrots, and celery. Simmer for 15 minutes."
681,126,3,"Add egg noodles and cook for 12 minutes until tender."
682,126,4,"Season with salt, pepper, and fresh thyme."
683,126,5,"Garnish with chopped parsley and serve hot."
684,127,1,"Heat butter and oil in a large pan. Add diced onions and cook until translucent."
685,127,2,"Add sliced mushrooms and cook for 8 minutes until golden."
686,127,3,"Add arborio rice and stir for 2 minutes until edges are translucent."
687,127,4,"Add white wine and stir until absorbed."
688,127,5,"Add warm broth one ladle at a time, stirring constantly, waiting for each addition to be absorbed before adding more. This takes about 25 minutes."
689,127,6,"Stir in butter and parmesan. Season with salt and pepper. Serve immediately."
690,128,1,"Soak rice paper sheets in warm water for 10 seconds until pliable."
691,128,2,"Lay sheet flat. Place lettuce, cooked rice noodles, mint, and shrimp in the lower third."
692,128,3,"Fold in the sides, then roll tightly from bottom to top."
693,128,4,"Repeat with remaining ingredients."
694,128,5,"Serve with peanut sauce or sweet chili sauce for dipping."
695,129,1,"Slice beef into thin strips. Season with salt and pepper."
696,129,2,"Heat oil in a large pan. Brown beef on all sides, about 5 minutes. Remove."
697,129,3,"In the same pan, sauté onions and mushrooms for 8 minutes."
698,129,4,"Add beef back to the pan. Stir in sour cream and paprika. Simmer for 15 minutes."
699,129,5,"Cook egg noodles according to package directions."
700,129,6,"Serve stroganoff over noodles, garnished with parsley."
701,130,1,"Heat oil in a wok. Scramble eggs and remove."
702,130,2,"Add diced chicken and cook for 5 minutes. Remove."
703,130,3,"Add peas, carrots, and green onions. Stir-fry for 2 minutes."
704,130,4,"Add cold cooked rice, breaking up clumps. Stir-fry for 3 minutes."
705,130,5,"Return eggs and chicken. Add soy sauce and toss everything together."
706,130,6,"Serve hot with extra soy sauce on the side."
707,131,1,"Slice tomatoes and fresh mozzarella into 1/4 inch thick rounds."
708,131,2,"Arrange tomatoes and mozzarella on a platter, alternating and overlapping slightly."
709,131,3,"Tuck fresh basil leaves between the slices."
710,131,4,"Drizzle with extra virgin olive oil and balsamic vinegar."
711,131,5,"Season with flaky sea salt and freshly ground black pepper. Serve immediately."
712,132,1,"Pat salmon fillets dry. Season with salt, pepper, and lemon juice."
713,132,2,"Heat oil in a pan over medium-high heat. Place salmon skin-side down."
714,132,3,"Cook for 4 minutes without moving. Flip and cook for 3 more minutes."
715,132,4,"Add teriyaki sauce, ginger, and garlic to the pan. Spoon sauce over salmon."
716,132,5,"Garnish with sesame seeds and green onions. Serve with rice."
717,133,1,"Brown ground beef with diced onions. Drain excess fat."
718,133,2,"Add enchilada sauce and simmer for 10 minutes."
719,133,3,"Warm flour tortillas briefly to make them pliable."
720,133,4,"Fill each tortilla with beef mixture and roll up. Place seam-side down in a baking dish."
721,133,5,"Pour remaining enchilada sauce over the top and sprinkle with cheese."
722,133,6,"Bake at 350°F for 25 minutes until cheese is melted and bubbly."
723,134,1,"Heat olive oil in a large pot. Sauté diced onions, carrots, celery, and garlic for 8 minutes."
724,134,2,"Add diced tomatoes, cannellini beans, vegetable broth, and Italian herbs."
725,134,3,"Bring to a boil, then reduce heat and simmer for 30 minutes."
726,134,4,"Add small pasta (ditalini or elbow) and cook for 10 minutes until tender."
727,134,5,"Season with salt and pepper. Serve with crusty bread and grated parmesan."
728,135,1,"Cut chicken into cubes. Marinate in curry powder, coconut milk, and lime juice for 2 hours."
729,135,2,"Thread chicken onto skewers."
730,135,3,"Grill over medium-high heat for 12 minutes, turning frequently."
731,135,4,"Make peanut sauce: heat peanut butter, coconut milk, soy sauce, and brown sugar until smooth."
732,135,5,"Serve satay hot with peanut sauce and cucumber salad."
733,136,1,"Slice onions very thin. Heat butter and oil in a large pot."
734,136,2,"Add onions and cook over medium-low heat for 40-50 minutes, stirring occasionally, until deep golden brown and caramelized."
735,136,3,"Add beef broth and white wine. Simmer for 20 minutes."
736,136,4,"Toast slices of French bread. Rub with garlic."
737,136,5,"Ladle soup into oven-safe bowls. Top with toasted bread and gruyere cheese."
738,136,6,"Broil for 3-5 minutes until cheese is melted and bubbly."
739,137,1,"Season chicken with fajita seasoning, lime juice, and oil. Let sit for 15 minutes."
740,137,2,"Heat oil in a large skillet. Cook chicken for 6 minutes per side. Remove and slice."
741,137,3,"In the same skillet, sauté bell peppers and onions for 5-7 minutes until tender."
742,137,4,"Warm flour tortillas in a dry skillet."
743,137,5,"Serve chicken and vegetables with tortillas, sour cream, guacamole, cheese, and salsa."
744,138,1,"Slice eggplant into rounds. Salt and let drain for 30 minutes. Rinse and pat dry."
745,138,2,"Fry eggplant slices in oil until golden. Drain on paper towels."
746,138,3,"Make tomato sauce: simmer crushed tomatoes with garlic, basil, and olive oil for 20 minutes."
747,138,4,"Make béchamel: melt butter, whisk in flour, gradually add milk. Season with nutmeg."
748,138,5,"Layer in a baking dish: eggplant, tomato sauce, mozzarella. Repeat. Top with béchamel and parmesan."
749,138,6,"Bake at 375°F for 40 minutes until golden. Let rest 10 minutes before serving."
750,139,1,"Season shrimp with cumin, chili powder, garlic powder, and lime juice."
751,139,2,"Heat oil in a skillet and cook shrimp for 2-3 minutes per side."
752,139,3,"Warm taco shells or corn tortillas."
753,139,4,"Make slaw: mix shredded cabbage with lime juice, cilantro, and salt."
754,139,5,"Fill tacos with shrimp and cabbage slaw. Top with avocado and hot sauce."
755,140,1,"Heat oil in a large pot. Sauté onions, ginger, and garlic until fragrant."
756,140,2,"Add curry powder and cook for 1 minute."
757,140,3,"Add chicken thighs and brown on all sides."
758,140,4,"Pour in coconut milk and diced tomatoes. Bring to a simmer."
759,140,5,"Cook for 30 minutes until chicken is tender and sauce is thick."
760,140,6,"Serve over rice, garnished with fresh cilantro."
761,141,1,"Cut tops off bell peppers and remove seeds. Blanch in boiling water for 3 minutes."
762,141,2,"Brown ground beef with onions. Add cooked rice, tomato sauce, and Italian seasoning."
763,141,3,"Stuff peppers with the beef-rice mixture. Place upright in a baking dish."
764,141,4,"Top each pepper with shredded cheese."
765,141,5,"Bake at 375°F for 35 minutes until peppers are tender."
766,142,1,"Marinate beef in pineapple juice, lime juice, chipotle peppers, and adobo sauce for 2 hours."
767,142,2,"Grill beef over high heat for 3-4 minutes per side. Slice thin."
768,142,3,"Warm corn tortillas over an open flame."
769,142,4,"Grill pineapple chunks for 2 minutes per side."
770,142,5,"Fill tacos with beef, grilled pineapple, diced onions, cilantro, and lime juice."
771,143,1,"Cook lo mein noodles according to package directions. Drain and toss with sesame oil."
772,143,2,"Heat oil in a wok. Add mixed vegetables and stir-fry for 4-5 minutes."
773,143,3,"Add noodles, soy sauce, and a splash of vegetable broth."
774,143,4,"Toss everything together for 2-3 minutes."
775,143,5,"Garnish with sesame seeds and green onions."
776,144,1,"Marinate chicken in olive oil, lemon juice, oregano, and garlic for 2 hours."
777,144,2,"Thread chicken onto skewers. Grill for 12-15 minutes, turning frequently."
778,144,3,"Warm pita bread on the grill."
779,144,4,"Make tzatziki: mix yogurt, grated cucumber, garlic, dill, and lemon juice."
780,144,5,"Serve chicken with pita, tzatziki, tomatoes, onions, and feta."
781,145,1,"Brown ground beef in a large pot. Drain most of the fat."
782,145,2,"Add diced onions and cook for 5 minutes. Add garlic and cook for 1 minute."
783,145,3,"Add kidney beans, diced tomatoes, tomato paste, chili powder, cumin, and paprika."
784,145,4,"Bring to a boil, then reduce heat and simmer for 50 minutes, stirring occasionally."
785,145,5,"Season with salt and pepper. Serve with shredded cheese, sour cream, and cornbread."
786,146,1,"Marinate chicken thighs in teriyaki sauce, ginger, and garlic for 15 minutes."
787,146,2,"Heat oil in a pan. Cook chicken for 6-7 minutes per side."
788,146,3,"Remove chicken and slice. Add extra teriyaki sauce to the pan and heat through."
789,146,4,"Serve chicken over rice, drizzled with extra sauce and garnished with green onions."
790,147,1,"Cut sushi-grade tuna into small cubes."
791,147,2,"Marinate in soy sauce, sesame oil, and sriracha for 10 minutes."
792,147,3,"Cook rice and let cool. Season with rice vinegar if desired."
793,147,4,"Assemble bowls: rice, marinated tuna, avocado, edamame, cucumber, and seaweed salad."
794,147,5,"Drizzle with spicy mayo and garnish with sesame seeds."
795,148,1,"Pound chicken breasts to even thickness. Season with salt and pepper."
796,148,2,"Dredge chicken in flour. Heat butter in a pan and cook chicken for 5 minutes per side. Remove."
797,148,3,"In the same pan, add sliced mushrooms and cook for 5 minutes."
798,148,4,"Add Marsala wine and bring to a boil. Reduce by half."
799,148,5,"Add heavy cream and capers. Return chicken to the pan and simmer for 5 minutes."
800,148,6,"Serve with mashed potatoes or pasta."
801,149,1,"Cook wide rice noodles for 1 minute less than package directions. Drain."
802,149,2,"Heat oil in a wok. Add broccoli and stir-fry for 3 minutes."
803,149,3,"Push vegetables to the side. Scramble eggs in the cleared space."
804,149,4,"Add noodles, soy sauce, and oyster sauce. Toss for 2-3 minutes."
805,149,5,"Serve immediately with Thai basil on top."
806,150,1,"Thinly slice beef ribeye against the grain."
807,150,2,"Marinate in soy sauce, sugar, sesame oil, garlic, and grated pear for 2 hours."
808,150,3,"Heat a grill or cast iron skillet to very high heat."
809,150,4,"Cook beef quickly, 1-2 minutes per side, until charred."
810,150,5,"Serve with lettuce wraps, kimchi, and ssamjang sauce."
812,151,2,"Warm flour tortillas. Fill with shredded chicken and roll up."
813,151,3,"Place seam-side down in a baking dish. Pour enchilada sauce over the top."
814,151,4,"Sprinkle with monterey jack cheese."
815,151,5,"Bake at 350°F for 25 minutes until bubbly."
816,151,6,"Top with sour cream and chopped cilantro before serving."
817,152,1,"Cut lamb into cubes. Marinate in olive oil, lemon juice, oregano, and garlic for 30 minutes."
818,152,2,"Heat a skillet or grill to high heat. Cook lamb for 3-4 minutes per side. Slice."
819,152,3,"Warm pita bread. Make tzatziki sauce."
820,152,4,"Fill pita with sliced lamb, lettuce, tomatoes, red onion, and feta."
821,152,5,"Drizzle with tzatziki and serve with lemon wedges."
822,153,1,"Soak rice noodles in warm water for 20 minutes. Drain."
823,153,2,"Heat oil in a wok. Add shrimp and cook for 2 minutes. Remove."
824,153,3,"Add garlic and shallots. Cook for 30 seconds."
825,153,4,"Add noodles, tamarind paste, fish sauce, and palm sugar. Toss for 3 minutes."
826,153,5,"Return shrimp. Add peanuts and bean sprouts. Serve with lime wedges."
827,154,1,"Pound chicken breasts thin. Season with salt and pepper. Dredge in flour."
828,154,2,"Heat butter and oil in a pan. Cook chicken for 4 minutes per side. Remove."
829,154,3,"Add white wine, lemon juice, and capers to the pan. Reduce by half."
830,154,4,"Add butter to the sauce and swirl to emulsify."
831,154,5,"Return chicken to the pan and spoon sauce over. Serve with pasta or vegetables."
832,155,1,"Cut vegetables into uniform pieces. Pat dry."
833,155,2,"Make tempura batter: mix flour with ice water. Don't overmix."
834,155,3,"Heat oil to 350°F."
835,155,4,"Dip vegetables in batter and fry for 2-3 minutes until light golden."
836,155,5,"Drain on paper towels. Serve with tentsuyu dipping sauce."
837,156,1,"Brown ground beef in a skillet. Drain fat."
838,156,2,"Add taco seasoning and water. Simmer for 5 minutes."
839,156,3,"Make guacamole: mash avocados with lime juice, salt, diced onions, tomatoes, and cilantro."
840,156,4,"Warm taco shells."
841,156,5,"Fill shells with beef, lettuce, cheese, and top with guacamole."
842,157,1,"Heat oil in a pot. Sauté onions, ginger, and garlic until softened."
843,157,2,"Add chicken thighs and brown on all sides."
844,157,3,"Add yogurt, ground almonds, heavy cream, and garam masala. Stir well."
845,157,4,"Simmer for 30 minutes until chicken is tender and sauce is creamy."
846,157,5,"Garnish with toasted almonds and cilantro. Serve with naan."
847,158,1,"Cook quinoa according to package directions. Let cool."
848,158,2,"Chop cucumbers, tomatoes, red onion, and bell peppers."
849,158,3,"Make dressing: whisk olive oil, lemon juice, oregano, salt, and pepper."
850,158,4,"Combine quinoa, vegetables, and chickpeas in a bowl."
851,158,5,"Toss with dressing. Top with crumbled feta and fresh herbs."
852,159,1,"Slice beef very thin. Heat oil in a wok over high heat."
853,159,2,"Add beef and stir-fry for 2 minutes. Remove."
854,159,3,"Add broccoli to the wok with a splash of water. Stir-fry for 3 minutes."
855,159,4,"Add soy sauce, oyster sauce, and garlic. Return beef to the wok."
856,159,5,"Toss for 1 minute. Serve over rice."
857,160,1,"Marinate chicken thighs in olive oil, cumin, paprika, and lemon juice for 2 hours."
858,160,2,"Grill or pan-fry for 6-7 minutes per side until charred."
859,160,3,"Warm pita bread. Make tahini sauce."
860,160,4,"Fill pita with sliced chicken, lettuce, tomatoes, pickles, and tahini sauce."
861,160,5,"Wrap and serve immediately."
862,161,1,"Heat oil in a wok. Scramble eggs and remove."
863,161,2,"Add shrimp and cook for 2-3 minutes. Remove."
864,161,3,"Add peas, carrots, and green onions. Stir-fry for 2 minutes."
865,161,4,"Add cold cooked rice. Stir-fry for 3 minutes, breaking up clumps."
866,161,5,"Return eggs and shrimp. Add soy sauce and toss. Serve hot."
867,162,1,"Season chicken with salt and pepper."
868,162,2,"Heat olive oil in a pan. Cook chicken for 6 minutes per side. Remove."
869,162,3,"Top each chicken breast with mozzarella slices and tomato slices."
870,162,4,"Return to pan, cover, and cook for 3 minutes until cheese melts."
871,162,5,"Drizzle with balsamic glaze and garnish with fresh basil."
872,163,1,"Heat oil in a wok. Add minced garlic and Thai chilies. Cook for 30 seconds."
873,163,2,"Add chicken and stir-fry for 5-6 minutes until cooked through."
874,163,3,"Add fish sauce, soy sauce, and a pinch of sugar."
875,163,4,"Add Thai basil and stir until wilted."
876,163,5,"Serve over rice with a fried egg on top."
877,164,1,"Brown ground beef in a skillet. Drain excess fat."
878,164,2,"Warm flour tortillas. Add refried beans to each tortilla."
879,164,3,"Top with beef, rice, shredded cheese, salsa, and sour cream."
880,164,4,"Fold in sides and roll up tightly."
881,164,5,"Optionally, grill the burrito seam-side down for 2 minutes to seal."
882,165,1,"Season salmon with salt, pepper, and lemon juice."
883,165,2,"Mix olive oil, minced garlic, and chopped dill."
884,165,3,"Place salmon on a baking sheet. Brush with the herb mixture."
885,165,4,"Bake at 400°F for 12-15 minutes until salmon flakes easily."
886,165,5,"Serve with lemon wedges and roasted vegetables."
887,166,1,"Pound chicken breasts thin. Season with salt and pepper."
888,166,2,"Set up breading: flour, eggs, panko breadcrumbs."
889,166,3,"Bread chicken thoroughly."
890,166,4,"Heat oil to 350°F. Fry for 5-6 minutes per side until golden."
891,166,5,"Slice and serve with tonkatsu sauce and shredded cabbage."
892,167,1,"Slice eggplant, salt, and let drain for 30 minutes. Rinse."
893,167,2,"Brown ground beef with onions. Add tomato sauce and simmer."
894,167,3,"Fry eggplant until golden. Make béchamel sauce."
895,167,4,"Layer in baking dish: eggplant, meat sauce, repeat. Top with béchamel and cheese."
896,167,5,"Bake at 350°F for 45 minutes. Let rest before serving."
897,168,1,"Marinate chicken in vinegar, chili powder, garlic, and ginger for 2 hours."
898,168,2,"Heat oil and brown chicken on all sides. Remove."
899,168,3,"Sauté onions until golden. Add spices and tomatoes."
900,168,4,"Return chicken with enough water to cover. Simmer for 40 minutes."
901,168,5,"Serve with rice or naan."
902,169,1,"Char ginger and onions. Add to pot with beef bones and water."
903,169,2,"Add star anise and fish sauce. Simmer for 3 hours."
904,169,3,"Strain broth. Cook noodles and slice beef thin."
905,169,4,"Assemble bowls: noodles, raw beef, pour boiling broth over."
906,169,5,"Garnish with herbs, bean sprouts, lime, and chilies."
907,170,1,"Brown chicken thighs in a pot. Remove."
908,170,2,"Sauté onions, bell peppers, and mushrooms. Add tomatoes and white wine."
909,170,3,"Return chicken to the pot. Cover and simmer for 45 minutes."
910,170,4,"Serve over pasta or polenta."
911,171,1,"Drain tuna and mix with mayonnaise, diced celery, and seasonings."
912,171,2,"Toast bread slices. Spread tuna mixture on half the slices."
913,171,3,"Top with cheddar cheese slices and remaining bread."
914,171,4,"Grill in a pan or panini press for 3 minutes per side."
915,171,5,"Serve hot."
916,172,1,"Brown lamb in a pot. Remove. Sauté onions and garlic."
917,172,2,"Add ras el hanout, diced apricots, and chickpeas."
918,172,3,"Return lamb with tomatoes and enough water to cover."
919,172,4,"Simmer for 2 hours until lamb is tender."
920,172,5,"Serve with couscous."
921,173,1,"Heat oil in a pot. Sauté onions and garlic."
922,173,2,"Add diced chicken, black beans, corn, and tomatoes."
923,173,3,"Pour in chicken broth. Bring to a boil."
924,173,4,"Reduce heat and simmer for 25 minutes."
925,173,5,"Serve in bowls topped with crushed tortilla chips, cheese, sour cream, and cilantro."
926,174,1,"Heat oil in a wok. Add ginger and garlic. Cook for 30 seconds."
927,174,2,"Add tofu and mixed vegetables. Stir-fry for 5 minutes."
928,174,3,"Add soy sauce and sesame oil. Toss well."
929,174,4,"Serve over rice."
930,175,1,"Season fish with cumin, chili powder, and lime juice."
931,175,2,"Heat oil and cook fish for 3-4 minutes per side."
932,175,3,"Warm corn tortillas. Make cabbage slaw with lime juice."
933,175,4,"Fill tacos with fish, slaw, and chipotle mayo."
934,175,5,"Top with cilantro and lime wedges."
935,176,1,"Marinate chicken in yogurt, biryani masala, and saffron for 2 hours."
936,176,2,"Parboil basmati rice for 6 minutes. Drain."
937,176,3,"Layer marinated chicken in a pot. Top with rice."
938,176,4,"Drizzle with saffron milk and ghee. Cover tightly."
939,176,5,"Cook on high for 5 minutes, then low for 50 minutes."
940,176,6,"Garnish with fried onions and serve with raita."
941,177,1,"Brown ground beef. Add taco seasoning and water. Simmer."
942,177,2,"Warm taco shells. Fill with beef, lettuce, tomatoes, and cheese."
943,177,3,"Top with salsa and serve."
944,178,1,"Marinate chicken in soy sauce, mirin, sake, and ginger for 2 hours."
945,178,2,"Thread chicken and green onions onto skewers."
946,178,3,"Grill for 12-15 minutes, basting with marinade."
947,178,4,"Reduce remaining marinade until thick. Brush over yakitori."
948,178,5,"Serve hot."
949,179,1,"Cook lasagna noodles. Prepare vegetable filling by sautéing mixed vegetables."
950,179,2,"Mix ricotta with egg, parmesan, and herbs. Prepare tomato sauce."
951,179,3,"Layer in baking dish: sauce, noodles, ricotta, vegetables, mozzarella. Repeat."
952,179,4,"Top with mozzarella and parmesan."
953,179,5,"Bake at 375°F for 45 minutes. Let rest 15 minutes."
954,180,1,"Marinate chicken in lemon juice, oregano, and garlic for 2 hours."
955,180,2,"Grill chicken for 12-15 minutes. Slice."
956,180,3,"Cook rice. Prepare tzatziki sauce."
957,180,4,"Assemble bowls: rice, chicken, cucumber, tomatoes, and tzatziki."
958,181,1,"Cook ramen noodles. Heat broth with ginger and soy sauce."
959,181,2,"Slice beef and sear quickly. Prepare soft-boiled eggs."
960,181,3,"Assemble bowls: noodles, broth, beef, eggs, and green onions."
961,182,1,"Cook rice. Season chicken and cook in a skillet."
962,182,2,"Heat black beans with cumin. Warm corn."
963,182,3,"Assemble bowls: rice, chicken, beans, corn, and salsa."
964,183,1,"Marinate beef cubes in olive oil, cumin, and paprika for 2 hours."
965,183,2,"Thread beef and vegetables onto skewers."
966,183,3,"Grill for 10-12 minutes, turning frequently."
967,183,4,"Serve with pita and tahini sauce."
968,184,1,"Heat oil. Add curry powder and cook for 1 minute."
969,184,2,"Add shrimp and cook for 3 minutes."
970,184,3,"Pour in coconut milk and tomatoes. Simmer for 20 minutes."
971,184,4,"Serve over rice."
972,185,1,"Cook chicken. Warm tortillas. Heat refried beans."
973,185,2,"Fill tortillas with chicken, beans, rice, and salsa."
974,185,3,"Roll up tightly and serve."
975,186,1,"Cook rice. Season chicken and cook in a skillet."
976,186,2,"Add broccoli and teriyaki sauce. Cook for 5 minutes."
977,186,3,"Serve over rice with sesame seeds."
978,187,1,"Heat oil. Brown beef strips. Remove."
979,187,2,"Sauté mushrooms and onions."
980,187,3,"Return beef. Add sour cream and simmer for 15 minutes."
981,187,4,"Cook egg noodles. Serve stroganoff over noodles."
982,188,1,"Marinate chicken legs in yogurt, tandoori masala, and lemon juice for 4 hours."
983,188,2,"Grill or bake at 400°F for 25-30 minutes until charred."
984,188,3,"Serve with naan, raita, and lemon wedges."
985,189,1,"Brown beef chunks in a pot. Remove."
986,189,2,"Sauté onions, carrots, and celery. Add tomato paste."
987,189,3,"Return beef with broth and potatoes. Simmer for 2 hours."
988,189,4,"Serve hot with crusty bread."
989,190,1,"Cook fettuccine. Heat cream in a pan until simmering."
990,190,2,"Add shrimp and garlic. Cook for 4 minutes."
991,190,3,"Add parmesan and toss with pasta."
992,190,4,"Serve immediately."
993,191,1,"Simmer chicken broth with star anise and ginger for 1.5 hours."
994,191,2,"Add chicken breast and cook for 15 minutes. Shred."
995,191,3,"Cook noodles. Assemble bowls with noodles, broth, and chicken."
996,191,4,"Garnish with herbs and bean sprouts."
997,192,1,"Brown ground beef. Add enchilada sauce and simmer."
998,192,2,"Fill tortillas with beef, roll up, and place in baking dish."
999,192,3,"Top with sauce and cheese. Bake at 350°F for 25 minutes."
1000,192,4,"Garnish with cilantro."
1001,193,1,"Cook udon noodles. Heat chicken broth with soy sauce."
1002,193,2,"Add chicken and cook for 10 minutes."
1003,193,3,"Serve in bowls with green onions."
1004,194,1,"Brown ground beef with taco seasoning."
1005,194,2,"Warm corn tortillas. Make pico de gallo with tomatoes, onions, and cilantro."
1006,194,3,"Fill tacos with beef and pico de gallo."
1007,195,1,"Cook egg noodles. Heat oil in a wok."
1008,195,2,"Add chicken and vegetables. Stir-fry for 6 minutes."
1009,195,3,"Add noodles, soy sauce, and oyster sauce. Toss well."
1010,196,1,"Brown lamb in a pot. Add curry powder and tomatoes."
1011,196,2,"Add coconut milk and simmer for 50 minutes."
1012,196,3,"Serve over rice."
1013,197,1,"Cook chicken. Slice. Warm tortillas."
1014,197,2,"Fill with chicken, lettuce, parmesan, and Caesar dressing."
1015,197,3,"Roll up and serve."
1016,198,1,"Heat oil. Cook beef for 3 minutes."
1017,198,2,"Add broccoli and teriyaki sauce. Cook for 5 minutes."
1018,198,3,"Serve over rice with sesame seeds."
1019,199,1,"Cook rice. Season chicken with fajita seasoning."
1020,199,2,"Sauté chicken, bell peppers, and onions."
1021,199,3,"Assemble bowls with rice, chicken, and vegetables."
